{"mean":{"confidence_interval":{"confidence_level":0.95,"lower_bound":0.0966253609116453,"upper_bound":0.16064878325376228},"point_estimate":0.12776634920333896,"standard_error":0.016069976079924043},"median":{"confidence_interval":{"confidence_level":0.95,"lower_bound":0.11746862030434424,"upper_bound":0.13959585654610707},"point_estimate":0.12849632994278504,"standard_error":0.005611052470937009}}