{"mean":{"confidence_interval":{"confidence_level":0.95,"lower_bound":0.004070314490675199,"upper_bound":0.11688456614020652},"point_estimate":0.05878379303336034,"standard_error":0.028710443860388565},"median":{"confidence_interval":{"confidence_level":0.95,"lower_bound":0.015669804666812004,"upper_bound":0.06771415105829726},"point_estimate":0.04011821688708128,"standard_error":0.013036166075265655}}