{"mean":{"confidence_interval":{"confidence_level":0.95,"lower_bound":-0.36472678140676357,"upper_bound":0.2377436466125218},"point_estimate":-0.11494977641881499,"standard_error":0.15488584545407777},"median":{"confidence_interval":{"confidence_level":0.95,"lower_bound":-0.07530813526022706,"upper_bound":0.009678440562684854},"point_estimate":-0.03796631965946029,"standard_error":0.022946621370063317}}