{"mean":{"confidence_interval":{"confidence_level":0.95,"lower_bound":-0.7693108079705796,"upper_bound":-0.661996553656979},"point_estimate":-0.7165139372179427,"standard_error":0.027797860224576334},"median":{"confidence_interval":{"confidence_level":0.95,"lower_bound":-0.7507788807578994,"upper_bound":-0.6981440608215386},"point_estimate":-0.7316693485532211,"standard_error":0.015826730647550212}}