{"mean":{"confidence_interval":{"confidence_level":0.95,"lower_bound":201248.57877843923,"upper_bound":218216.74062234003},"point_estimate":208465.25716932918,"standard_error":4399.104512350416},"median":{"confidence_interval":{"confidence_level":0.95,"lower_bound":194250.18329831935,"upper_bound":196376.33074336604},"point_estimate":195126.09195269016,"standard_error":560.0155252726754},"median_abs_dev":{"confidence_interval":{"confidence_level":0.95,"lower_bound":6824.133261671083,"upper_bound":10733.15464417381},"point_estimate":8522.0212561113,"standard_error":948.4212129254793},"slope":{"confidence_interval":{"confidence_level":0.95,"lower_bound":193890.02416073595,"upper_bound":199189.6762835732},"point_estimate":196198.2769382514,"standard_error":1369.5198202875522},"std_dev":{"confidence_interval":{"confidence_level":0.95,"lower_bound":22835.61944434039,"upper_bound":97909.14486434191},"point_estimate":62355.129298026164,"standard_error":21098.308302929356}}