{"mean":{"confidence_interval":{"confidence_level":0.95,"lower_bound":-0.04228660464699254,"upper_bound":0.5176735307075571},"point_estimate":0.19113532533359323,"standard_error":0.1455286697611207},"median":{"confidence_interval":{"confidence_level":0.95,"lower_bound":0.015136961089123309,"upper_bound":0.09197557742012186},"point_estimate":0.04615767414123906,"standard_error":0.017509479199926476}}