{"mean":{"confidence_interval":{"confidence_level":0.95,"lower_bound":0.024027273509914265,"upper_bound":0.17837508042810005},"point_estimate":0.0914205363323799,"standard_error":0.03953475070908596},"median":{"confidence_interval":{"confidence_level":0.95,"lower_bound":-0.05013371184753837,"upper_bound":-0.001964779739563105},"point_estimate":-0.02697051763574243,"standard_error":0.012555300305505153}}