{"mean":{"confidence_interval":{"confidence_level":0.95,"lower_bound":-0.18484778526860815,"upper_bound":0.11157390534567493},"point_estimate":-0.04874771311083259,"standard_error":0.0757448676079859},"median":{"confidence_interval":{"confidence_level":0.95,"lower_bound":-0.12548917488041125,"upper_bound":-0.04609254610332447},"point_estimate":-0.0933790061826133,"standard_error":0.020151071537772968}}