{"mean":{"confidence_interval":{"confidence_level":0.95,"lower_bound":15047841.785184944,"upper_bound":16040656.983887397},"point_estimate":15491833.862593703,"standard_error":255060.29086885913},"median":{"confidence_interval":{"confidence_level":0.95,"lower_bound":14883468.908602152,"upper_bound":15018158.688888889},"point_estimate":14971967.95227142,"standard_error":45387.01508188347},"median_abs_dev":{"confidence_interval":{"confidence_level":0.95,"lower_bound":176634.65459744073,"upper_bound":470008.2633140185},"point_estimate":375530.8237777642,"standard_error":78976.22583384988},"slope":{"confidence_interval":{"confidence_level":0.95,"lower_bound":14877267.091110688,"upper_bound":15779242.906520387},"point_estimate":15244644.424694235,"standard_error":237470.82402932082},"std_dev":{"confidence_interval":{"confidence_level":0.95,"lower_bound":776913.0069238967,"upper_bound":2508545.197202096},"point_estimate":1827099.8383538534,"standard_error":432732.9786564792}}