{"mean":{"confidence_interval":{"confidence_level":0.95,"lower_bound":4873250.983725162,"upper_bound":6358653.517992664},"point_estimate":5493222.914637872,"standard_error":386936.7392545309},"median":{"confidence_interval":{"confidence_level":0.95,"lower_bound":4663561.595454546,"upper_bound":5393596.599330357},"point_estimate":4788406.685416667,"standard_error":180152.66689995019},"median_abs_dev":{"confidence_interval":{"confidence_level":0.95,"lower_bound":179137.83101779333,"upper_bound":1043720.2296273534},"point_estimate":392658.1578716326,"standard_error":223205.4529996234},"slope":{"confidence_interval":{"confidence_level":0.95,"lower_bound":4592106.889685833,"upper_bound":4838351.38215561},"point_estimate":4692918.988915505,"standard_error":63130.29172548473},"std_dev":{"confidence_interval":{"confidence_level":0.95,"lower_bound":446535.7606167698,"upper_bound":2678577.6430617375},"point_estimate":1771289.3103843539,"standard_error":644384.2773645234}}