{"mean":{"confidence_interval":{"confidence_level":0.95,"lower_bound":-0.07752814148387262,"upper_bound":0.00548681296813717},"point_estimate":-0.03891048414140241,"standard_error":0.02113024127836393},"median":{"confidence_interval":{"confidence_level":0.95,"lower_bound":-0.08433819124885433,"upper_bound":0.022128918915531814},"point_estimate":-0.029321984714840155,"standard_error":0.0294832912775826}}