{"mean":{"confidence_interval":{"confidence_level":0.95,"lower_bound":-0.5040249327638241,"upper_bound":-0.1287819084001601},"point_estimate":-0.34249798987933056,"standard_error":0.09634548893390292},"median":{"confidence_interval":{"confidence_level":0.95,"lower_bound":-0.008309209094927494,"upper_bound":0.04620613209448421},"point_estimate":0.027560253629401288,"standard_error":0.0134565688161782}}