{"mean":{"confidence_interval":{"confidence_level":0.95,"lower_bound":0.05169715545723414,"upper_bound":0.11441488428542668},"point_estimate":0.08196405949426055,"standard_error":0.016172187542852566},"median":{"confidence_interval":{"confidence_level":0.95,"lower_bound":0.05807404589651988,"upper_bound":0.12625014533542123},"point_estimate":0.09300463936005765,"standard_error":0.01786131608092515}}