{"mean":{"confidence_interval":{"confidence_level":0.95,"lower_bound":0.014611383075831874,"upper_bound":0.18669165332881985},"point_estimate":0.09032992989410005,"standard_error":0.0431344019528782},"median":{"confidence_interval":{"confidence_level":0.95,"lower_bound":0.051578752734311895,"upper_bound":0.13910928397608946},"point_estimate":0.10308124722198886,"standard_error":0.021846363854960194}}