{"mean":{"confidence_interval":{"confidence_level":0.95,"lower_bound":2839624.5431000004,"upper_bound":2969739.7980500003},"point_estimate":2902150.3340000003,"standard_error":33138.69472431225},"median":{"confidence_interval":{"confidence_level":0.95,"lower_bound":2852482.6,"upper_bound":2926813.9},"point_estimate":2891462.8,"standard_error":16901.444884913853},"median_abs_dev":{"confidence_interval":{"confidence_level":0.95,"lower_bound":212065.02157509347,"upper_bound":390561.90410614},"point_estimate":328090.47857523,"standard_error":45850.05807920312},"slope":null,"std_dev":{"confidence_interval":{"confidence_level":0.95,"lower_bound":256049.10007800945,"upper_bound":425603.7051835854},"point_estimate":334854.0731182834,"standard_error":45264.29149032748}}