{"mean":{"confidence_interval":{"confidence_level":0.95,"lower_bound":190269.39541234868,"upper_bound":200298.48815081434},"point_estimate":194583.96055591188,"standard_error":2594.990742977072},"median":{"confidence_interval":{"confidence_level":0.95,"lower_bound":187679.81818181818,"upper_bound":191007.3590909091},"point_estimate":188628.73129571578,"standard_error":689.5194282552652},"median_abs_dev":{"confidence_interval":{"confidence_level":0.95,"lower_bound":4658.343857481717,"upper_bound":8665.225267574086},"point_estimate":6149.533796647637,"standard_error":1079.8560474593814},"slope":{"confidence_interval":{"confidence_level":0.95,"lower_bound":186136.84591469727,"upper_bound":189029.10043817255},"point_estimate":187555.92045219446,"standard_error":736.0913144411365},"std_dev":{"confidence_interval":{"confidence_level":0.95,"lower_bound":9142.538323692044,"upper_bound":40177.8019309259},"point_estimate":26089.61880596944,"standard_error":8243.052224936417}}