{"mean":{"confidence_interval":{"confidence_level":0.95,"lower_bound":-0.06362242013944151,"upper_bound":0.06432404801036973},"point_estimate":0.0008920144213715453,"standard_error":0.032745424104031626},"median":{"confidence_interval":{"confidence_level":0.95,"lower_bound":0.001514911855933887,"upper_bound":0.08404189405600104},"point_estimate":0.03847187928994056,"standard_error":0.021212663737908467}}