{"mean":{"confidence_interval":{"confidence_level":0.95,"lower_bound":-0.04735516157552227,"upper_bound":0.04855000446761893},"point_estimate":-0.0003069627429559407,"standard_error":0.02486392520846075},"median":{"confidence_interval":{"confidence_level":0.95,"lower_bound":-0.03399258260332531,"upper_bound":-0.013777661593530333},"point_estimate":-0.023376252061569125,"standard_error":0.005343757656159733}}