{"mean":{"confidence_interval":{"confidence_level":0.95,"lower_bound":0.04148769498331814,"upper_bound":0.11686042480537923},"point_estimate":0.079185859707394,"standard_error":0.019230201870017914},"median":{"confidence_interval":{"confidence_level":0.95,"lower_bound":0.07701697114185446,"upper_bound":0.13050633171525972},"point_estimate":0.10978828583922273,"standard_error":0.014085476855808198}}