{"mean":{"confidence_interval":{"confidence_level":0.95,"lower_bound":0.022384472960499023,"upper_bound":0.18139937462302747},"point_estimate":0.09864656467276256,"standard_error":0.040090236890601476},"median":{"confidence_interval":{"confidence_level":0.95,"lower_bound":0.07778718926256856,"upper_bound":0.14118909433050097},"point_estimate":0.11330955047176516,"standard_error":0.016278118034688968}}