{"mean":{"confidence_interval":{"confidence_level":0.95,"lower_bound":4501560.044039033,"upper_bound":4756617.114708356},"point_estimate":4614492.360824665,"standard_error":65291.3790996548},"median":{"confidence_interval":{"confidence_level":0.95,"lower_bound":4478822.912301587,"upper_bound":4639539.623511905},"point_estimate":4587641.813971743,"standard_error":43869.70714852679},"median_abs_dev":{"confidence_interval":{"confidence_level":0.95,"lower_bound":68066.39512008679,"upper_bound":301527.0246430166},"point_estimate":145953.2394838117,"standard_error":57680.07197920128},"slope":{"confidence_interval":{"confidence_level":0.95,"lower_bound":4386762.917155701,"upper_bound":4621906.272057673},"point_estimate":4498691.009457442,"standard_error":60568.112086012225},"std_dev":{"confidence_interval":{"confidence_level":0.95,"lower_bound":129376.71664701786,"upper_bound":444468.7838692917},"point_estimate":300086.8178077269,"standard_error":89679.41977850141}}