{"mean":{"confidence_interval":{"confidence_level":0.95,"lower_bound":-0.12779386640859847,"upper_bound":0.16507983678499602},"point_estimate":0.007886452115168252,"standard_error":0.07449754592180906},"median":{"confidence_interval":{"confidence_level":0.95,"lower_bound":-0.0017310900477711666,"upper_bound":0.07002113639918428},"point_estimate":0.03229941150547644,"standard_error":0.017494916191612725}}