{"mean":{"confidence_interval":{"confidence_level":0.95,"lower_bound":-0.1084232432355679,"upper_bound":0.026141105725174585},"point_estimate":-0.034321646484735124,"standard_error":0.03500274932856428},"median":{"confidence_interval":{"confidence_level":0.95,"lower_bound":-0.055507863787980116,"upper_bound":0.05549711461216922},"point_estimate":0.005088060623460233,"standard_error":0.02885606599712471}}