{"mean":{"confidence_interval":{"confidence_level":0.95,"lower_bound":-0.07380028950463412,"upper_bound":0.021990716625899204},"point_estimate":-0.026669776062367312,"standard_error":0.02441559096007388},"median":{"confidence_interval":{"confidence_level":0.95,"lower_bound":-0.048085333181136614,"upper_bound":0.03397364393714475},"point_estimate":-0.027655908215732827,"standard_error":0.020239300660764244}}